{
    "Baseline": {
        "EM": 0.0,
        "F1": 0.026059815269643717,
        "BERTScore": 0.7836834788322449,
        "ROUGE-L": 0.027505989715124482
    },
    "Fine-tuned BERT": {
        "EM": 0.51,
        "F1": 0.5549975459734774,
        "BERTScore": 0.8897838592529297,
        "ROUGE-L": 0.5644942407472235
    },
    "RAG (Qwen-14B)": {
        "EM": 0.02,
        "F1": 0.14655886255050748,
        "BERTScore": 0.835033655166626,
        "ROUGE-L": 0.15049763718076176
    }
}